{"train_loss": [0.7098701139169237, 0.6391862337383257, 0.614608117903354, 0.5875236495742352, 0.5714808640782969, 0.5602435659401243, 0.5480749307713044, 0.5386016864266994, 0.5311712509762441, 0.5217151199962751, 0.5140809768466021, 0.5096795466417676, 0.5035623206361487, 0.49832395323167245, 0.4893465261107758, 0.4842339365910612, 0.47687511766174234, 0.46649255813258306, 0.4676638158607166, 0.45941569544936695, 0.4492985996438046, 0.4442226590178482, 0.4395117603114668, 0.43024634563603686, 0.4244232061676022, 0.41446676854932535, 0.36535483513613315, 0.3527305862439635, 0.3415014189212778, 0.3264317099404618, 0.31215431949809486, 0.30778196463446283, 0.2645409047743725, 0.24541258545983624, 0.2294481521448092], "val_loss": [0.6675701686306409, 0.6185298868091043, 0.6398979341717436, 0.6006945735561321, 0.5684561823200429, 0.5698745930461214, 0.6262896726025983, 0.5873516013075433, 0.6492333816329584, 0.5901870774016008, 0.6937039323283611, 0.5690182779295174, 0.6858107488665253, 0.5886870878937578, 0.5608127684664954, 0.5849770000684332, 0.59193436804831, 0.5721962095067972, 0.5676748650670866, 0.5494010101917178, 0.5933884137904215, 0.5975682164945398, 0.5981872786249247, 0.5921351210852491, 0.5822438169873799, 0.61047657923344, 0.7294213573953304, 0.6335653998620207, 0.7568583274833481, 0.6847926435055278, 0.7373589211764859, 0.8870897457255004, 0.877044003764299, 0.8362084774464382, 0.9146182121504294], "val_auc": [0.8847253880574975, 0.8997549295643473, 0.9003733758270865, 0.9079527109343217, 0.914573422559565, 0.9165886978709225, 0.9114116404330727, 0.9137157352498004, 0.9147440374040692, 0.9164245674716837, 0.8996539233256522, 0.9181433407191664, 0.9093895786827044, 0.9163083643203864, 0.9222756955396019, 0.9179998028577467, 0.9184062153781042, 0.9217944043405701, 0.9234042019732597, 0.9237481085271495, 0.9201602488951742, 0.9165783595127921, 0.9223514063158369, 0.9167854863312399, 0.9228703637260642, 0.9203375936597478, 0.9188629494463996, 0.919662490181081, 0.9136762242534868, 0.9183776903762542, 0.9169123263394221, 0.9102533708752395, 0.9161856965839764, 0.9166668572740972, 0.9142704336054969]}